tracked_team_id,tracked_team_name,match_id,start_time,status,match_number,category,stage,group,home_team,away_team,home_goals,away_goals,winner,arena,source_url
76326716,G15 Sandviken 2,80269803,2026-07-26T08:00+02:00,finished,1 15 0 28 000,Boys 15 - born 2011 - 11 aside ,,Group 28,Varegg/Sandviken 2,Snarøya SK,2,1,home,Ekeberg 06 EK11,"https://norwaycup.cupmanager.net/2026,nb/result/team/76326716"
75647962,G14 Sandviken 2,80263410,2026-07-26T08:50+02:00,finished,1 14 0 07 000,Boys 14 - born 2012 - 11 aside,,Group 7,Varegg Fotball Sandviken / Varegg 2,Ølen IL,0,6,away,Ekeberg 42 EK11,"https://norwaycup.cupmanager.net/2026,nb/result/team/75647962"
75670384,J15 Sandviken,80268678,2026-07-26T09:00+02:00,finished,2 15 0 17 001,Girls 15 - born 2011 11 aside,,Group 17,Vågå IL,Sandviken/Varegg,0,1,away,Ekeberg 33 EK11,"https://norwaycup.cupmanager.net/2026,nb/result/team/75670384"
75750514,G16 Varegg Fotball/Sandviken Blå,80216211,2026-07-26T10:00+02:00,finished,1 16 0 26 001,Boys 16 - born 2010 - 11 aside,,Group 26,Fagernes IL,Varegg Fotball /Sandviken Blå,1,1,,Valle Hovin 02 VA11,"https://norwaycup.cupmanager.net/2026,nb/result/team/75750514"
76326718,G15/16 7-er Sandviken,80492744,2026-07-26T11:00+02:00,finished,1 16 7 09 000,Boys 15/16 - born 2010 - 7 aside,,Group 9,Varegg/Sandviken,Tana Ballklubb G16,0,13,away,Ekeberg 25 EK7,"https://norwaycup.cupmanager.net/2026,nb/result/team/76326718"
76334133,J19 Sandviken,80276997,2026-07-26T11:00+02:00,finished,2 19 0 02 000,Girls 18/19- born 2007 - 11aside,,Group 2,"Sandviken, IL /Varegg","Bodø/Glimt, FK",1,1,,Frigg Feltet 02 TØ11,"https://norwaycup.cupmanager.net/2026,nb/result/team/76334133"
76353123,J14 Sandviken/Varegg Hvit,80266212,2026-07-26T11:20+02:00,finished,2 14 0 02 000,Girls  14  - born 2012- 11 aside,,Group 2,Oppsal IF Fotball,"Sandviken, IL Sandviken/Varegg Hvit",0,5,away,Furuset 05FU11,"https://norwaycup.cupmanager.net/2026,nb/result/team/76353123"
75647960,G14 Sandviken 1,80263491,2026-07-26T12:10+02:00,finished,1 14 0 12 001,Boys 14 - born 2012 - 11 aside,,Group 12,Varegg Fotball Sandviken / Varegg 1,Sportsklubben Vedavåg Karmøy,0,1,away,Furuset 05FU11,"https://norwaycup.cupmanager.net/2026,nb/result/team/75647960"
76353121,J14 Sandviken/Varegg Blå,80266247,2026-07-26T12:10+02:00,finished,2 14 0 04 000,Girls  14  - born 2012- 11 aside,,Group 4,IL ROS,"Sandviken, IL Sandviken/Varegg Blå",6,1,home,Ekeberg 44 EK11,"https://norwaycup.cupmanager.net/2026,nb/result/team/76353121"
76353119,J14 Sandviken/Varegg Rød,80266304,2026-07-26T13:00+02:00,finished,2 14 0 07 001,Girls  14  - born 2012- 11 aside,,Group 7,"Sandviken, IL Sandviken/Varegg Rød",Reinsvoll IF,0,3,away,Ekeberg 30 EK11,"https://norwaycup.cupmanager.net/2026,nb/result/team/76353119"
76138452,G13 Sandviken Rød,80459531,2026-07-26T13:10+02:00,finished,1 13 9 17 001,Boys 13 - born 2013 - 9 aside,,Group 17,"Nord, SK - Fotball 2",Varegg Fotball Varegg-Sandviken RØD,1,1,,Furuset 04 FU9,"https://norwaycup.cupmanager.net/2026,nb/result/team/76138452"
76326714,G15 Sandviken 1,80269699,2026-07-26T13:30+02:00,finished,1 15 0 22 001,Boys 15 - born 2011 - 11 aside ,,Group 22,Lillestrøm,Varegg/Sandviken 1,0,3,away,Frigg Feltet 02 TØ11,"https://norwaycup.cupmanager.net/2026,nb/result/team/76326714"
73060428,G13 Sandviken Gul,80459717,2026-07-26T14:00+02:00,finished,1 13 9 30 000,Boys 13 - born 2013 - 9 aside,,Group 30,Oppegård IL Gul,Varegg Fotball Varegg-Sandviken GUL,2,0,home,Bjølsenfeltet 05BJ09,"https://norwaycup.cupmanager.net/2026,nb/result/team/73060428"
73060430,G13 Sandviken Hvit,80459659,2026-07-26T14:00+02:00,finished,1 13 9 26 000,Boys 13 - born 2013 - 9 aside,,Group 26,Varegg Fotball Varegg-Sandviken HVIT,Skåla/Langfjorden IL,1,3,away,Ekeberg 40 EK9,"https://norwaycup.cupmanager.net/2026,nb/result/team/73060430"
75750516,G16 Varegg Fotball/Sandviken Gul,80215845,2026-07-26T14:30+02:00,finished,1 16 0 04 000,Boys 16 - born 2010 - 11 aside,,Group 4,Stabæk Fotball 2,Varegg Fotball /Sandviken Gul,0,1,away,Rustad 01 RU11,"https://norwaycup.cupmanager.net/2026,nb/result/team/75750516"
76326718,G15/16 7-er Sandviken,80492746,2026-07-26T15:00+02:00,finished,1 16 7 09 004,Boys 15/16 - born 2010 - 7 aside,,Group 9,"Jardar, IL",Varegg/Sandviken,4,0,home,Abildsø 06 AB7,"https://norwaycup.cupmanager.net/2026,nb/result/team/76326718"
75938121,J16 Sandviken,80273236,2026-07-26T15:30+02:00,finished,2 16 0 07 000,Girls 16 - born 2010- 11 aside,,Group 7,Sortland IL,Varegg/Sandviken,0,0,,Furuset 02 FU11,"https://norwaycup.cupmanager.net/2026,nb/result/team/75938121"
73060432,G13 Sandviken Blå,80459381,2026-07-26T15:40+02:00,finished,1 13 9 07 000,Boys 13 - born 2013 - 9 aside,,Group 7,Gamle Oslo FK 2,Varegg Fotball Varegg-Sandviken BLÅ,3,1,home,Valle Hovin 07 VA9,"https://norwaycup.cupmanager.net/2026,nb/result/team/73060432"
76356822,J17 Sandviken,80273780,2026-07-26T17:45+02:00,finished,2 17 0 03 001,Girls 17 - born 2009 - 11aside,,Group 3,Rana Fotballklubb,Sandviken/Varegg,0,3,away,Rustad 02 RU11,"https://norwaycup.cupmanager.net/2026,nb/result/team/76356822"
76431744,G19 Sandviken,80277629,2026-07-26T17:45+02:00,finished,1 19 0 06 001,Boys 19 - born 2007 - 11 aside,,Group 6,Varegg/Sandviken,KFUM-Kam. Oslo Rød,11,0,home,Furuset 01 FU11,"https://norwaycup.cupmanager.net/2026,nb/result/team/76431744"
77112564,G17 Sandviken,80275919,2026-07-26T17:45+02:00,finished,1 17 0 14 001,Boys 17 -born 2009 - 11 aside,,Group 14,Fotballklubben Clausenengen Kristiansund,Varegg/Sandviken,6,0,home,Valle Hovin 01 VA11,"https://norwaycup.cupmanager.net/2026,nb/result/team/77112564"
75670384,J15 Sandviken,80268680,2026-07-27T08:00+02:00,scheduled,2 15 0 17 002,Girls 15 - born 2011 11 aside,,Group 17,Sandviken/Varegg,"Freidig, SPK 2",,,,Frigg Feltet 02 TØ11,"https://norwaycup.cupmanager.net/2026,nb/result/team/75670384"
75938121,J16 Sandviken,80273240,2026-07-27T08:00+02:00,scheduled,2 16 0 07 003,Girls 16 - born 2010- 11 aside,,Group 7,Varegg/Sandviken,Fron Sportsklubb,,,,Valle Hovin 08 VA11,"https://norwaycup.cupmanager.net/2026,nb/result/team/75938121"
76138452,G13 Sandviken Rød,80459533,2026-07-27T08:00+02:00,scheduled,1 13 9 17 002,Boys 13 - born 2013 - 9 aside,,Group 17,Varegg Fotball Varegg-Sandviken RØD,Øvrevoll Hosle IL 3,,,,Ekeberg 40 EK9,"https://norwaycup.cupmanager.net/2026,nb/result/team/76138452"
75750516,G16 Varegg Fotball/Sandviken Gul,80215849,2026-07-27T10:00+02:00,scheduled,1 16 0 04 003,Boys 16 - born 2010 - 11 aside,,Group 4,Varegg Fotball /Sandviken Gul,Nordre Land IL /Torpa,,,,Ekeberg 04 EK11,"https://norwaycup.cupmanager.net/2026,nb/result/team/75750516"
73060428,G13 Sandviken Gul,80459722,2026-07-27T10:40+02:00,scheduled,1 13 9 30 003,Boys 13 - born 2013 - 9 aside,,Group 30,Varegg Fotball Varegg-Sandviken GUL,Haugerud IF 1,,,,Bjølsenfeltet 05BJ09,"https://norwaycup.cupmanager.net/2026,nb/result/team/73060428"
76334133,J19 Sandviken,80277000,2026-07-27T11:00+02:00,scheduled,2 19 0 02 002,Girls 18/19- born 2007 - 11aside,,Group 2,Gjoa Youth Soccer Brooklyn,"Sandviken, IL /Varegg",,,,Marienlyst Kunstgress 01MA11,"https://norwaycup.cupmanager.net/2026,nb/result/team/76334133"
76356822,J17 Sandviken,80273782,2026-07-27T11:00+02:00,scheduled,2 17 0 03 002,Girls 17 - born 2009 - 11aside,,Group 3,Sandviken/Varegg,Vigrestad IK,,,,Valle Hovin 08 VA11,"https://norwaycup.cupmanager.net/2026,nb/result/team/76356822"
73060432,G13 Sandviken Blå,80459385,2026-07-27T11:30+02:00,scheduled,1 13 9 07 003,Boys 13 - born 2013 - 9 aside,,Group 7,Varegg Fotball Varegg-Sandviken BLÅ,Nordre Land/Torpa,,,,Ekeberg 40 EK9,"https://norwaycup.cupmanager.net/2026,nb/result/team/73060432"
77112564,G17 Sandviken,80275921,2026-07-27T12:15+02:00,scheduled,1 17 0 14 002,Boys 17 -born 2009 - 11 aside,,Group 14,Varegg/Sandviken,Lørenskog,,,,Bjølsenfeltet 03BJ11,"https://norwaycup.cupmanager.net/2026,nb/result/team/77112564"
73060430,G13 Sandviken Hvit,80459662,2026-07-27T13:10+02:00,scheduled,1 13 9 26 002,Boys 13 - born 2013 - 9 aside,,Group 26,Hasle-Løren IL Blå,Varegg Fotball Varegg-Sandviken HVIT,,,,Ekeberg 41 EK9 ,"https://norwaycup.cupmanager.net/2026,nb/result/team/73060430"
76326714,G15 Sandviken 1,80269701,2026-07-27T13:30+02:00,scheduled,1 15 0 22 002,Boys 15 - born 2011 - 11 aside ,,Group 22,Varegg/Sandviken 1,Holmlia SK,,,,Ekeberg 28 EK11,"https://norwaycup.cupmanager.net/2026,nb/result/team/76326714"
75750514,G16 Varegg Fotball/Sandviken Blå,80216213,2026-07-27T14:30+02:00,scheduled,1 16 0 26 002,Boys 16 - born 2010 - 11 aside,,Group 26,Varegg Fotball /Sandviken Blå,"Freidig, SPK",,,,Ekeberg 26 EK11,"https://norwaycup.cupmanager.net/2026,nb/result/team/75750514"
76353119,J14 Sandviken/Varegg Rød,80266309,2026-07-27T14:40+02:00,scheduled,2 14 0 07 003,Girls  14  - born 2012- 11 aside,,Group 7,Astor Fotballklubb,"Sandviken, IL Sandviken/Varegg Rød",,,,Ekeberg 44 EK11,"https://norwaycup.cupmanager.net/2026,nb/result/team/76353119"
76326716,G15 Sandviken 2,80269806,2026-07-27T15:30+02:00,scheduled,1 15 0 28 002,Boys 15 - born 2011 - 11 aside ,,Group 28,Finnøy IL - Fotball,Varegg/Sandviken 2,,,,Abildsø 04 AB11,"https://norwaycup.cupmanager.net/2026,nb/result/team/76326716"
76353121,J14 Sandviken/Varegg Blå,80266252,2026-07-27T15:30+02:00,scheduled,2 14 0 04 003,Girls  14  - born 2012- 11 aside,,Group 4,"Sandviken, IL Sandviken/Varegg Blå",Korsvoll IL,,,,Rustad 04 RU11,"https://norwaycup.cupmanager.net/2026,nb/result/team/76353121"
76353123,J14 Sandviken/Varegg Hvit,80266216,2026-07-27T15:30+02:00,scheduled,2 14 0 02 003,Girls  14  - born 2012- 11 aside,,Group 2,"Sandviken, IL Sandviken/Varegg Hvit",Lesja IL Lesjaskog/Dombås,,,,Ekeberg 42 EK11,"https://norwaycup.cupmanager.net/2026,nb/result/team/76353123"
76326718,G15/16 7-er Sandviken,80492750,2026-07-27T17:00+02:00,scheduled,1 16 7 09 003,Boys 15/16 - born 2010 - 7 aside,,Group 9,"Nord, SK - Fotball",Varegg/Sandviken,,,,Ekeberg 13 EK7,"https://norwaycup.cupmanager.net/2026,nb/result/team/76326718"
75647960,G14 Sandviken 1,80263494,2026-07-27T17:10+02:00,scheduled,1 14 0 12 003,Boys 14 - born 2012 - 11 aside,,Group 12,Vaulen IL- fotball 2,Varegg Fotball Sandviken / Varegg 1,,,,Ekeberg 35 EK11,"https://norwaycup.cupmanager.net/2026,nb/result/team/75647960"
75647962,G14 Sandviken 2,80263413,2026-07-27T17:10+02:00,scheduled,1 14 0 07 002,Boys 14 - born 2012 - 11 aside,,Group 7,Nordstrand IF NIF 2 - Blå,Varegg Fotball Sandviken / Varegg 2,,,,Rustad 03 RU11,"https://norwaycup.cupmanager.net/2026,nb/result/team/75647962"
76431744,G19 Sandviken,80277632,2026-07-27T17:45+02:00,scheduled,1 19 0 06 003,Boys 19 - born 2007 - 11 aside,,Group 6,Steinkjer FK,Varegg/Sandviken,,,,Valle Hovin 08 VA11,"https://norwaycup.cupmanager.net/2026,nb/result/team/76431744"
75647962,G14 Sandviken 2,80263418,2026-07-28T08:50+02:00,scheduled,1 14 0 07 005,Boys 14 - born 2012 - 11 aside,,Group 7,Eid IL,Varegg Fotball Sandviken / Varegg 2,,,,Ekeberg 45EK11,"https://norwaycup.cupmanager.net/2026,nb/result/team/75647962"
76326714,G15 Sandviken 1,80269705,2026-07-28T09:00+02:00,scheduled,1 15 0 22 004,Boys 15 - born 2011 - 11 aside ,,Group 22,Hasundgot IL - Fotball,Varegg/Sandviken 1,,,,Bjølsenfeltet 02BJ11,"https://norwaycup.cupmanager.net/2026,nb/result/team/76326714"
76326718,G15/16 7-er Sandviken,84153932,2026-07-28T10:00+02:00,scheduled,1 16 7 09 008,Boys 15/16 - born 2010 - 7 aside,,Group 9,Varegg/Sandviken,Frei/Nordlandet,,,,Abildsø 05 AB7,"https://norwaycup.cupmanager.net/2026,nb/result/team/76326718"
76431744,G19 Sandviken,80277635,2026-07-28T11:00+02:00,scheduled,1 19 0 06 005,Boys 19 - born 2007 - 11 aside,,Group 6,MTG - Fotball /Hasundgot,Varegg/Sandviken,,,,Bjølsenfeltet 03BJ11,"https://norwaycup.cupmanager.net/2026,nb/result/team/76431744"
77112564,G17 Sandviken,80275924,2026-07-28T11:00+02:00,scheduled,1 17 0 14 004,Boys 17 -born 2009 - 11 aside,,Group 14,Langevåg IL - Fotball,Varegg/Sandviken,,,,Ekeberg 37 EK11,"https://norwaycup.cupmanager.net/2026,nb/result/team/77112564"
76353119,J14 Sandviken/Varegg Rød,80266312,2026-07-28T12:10+02:00,scheduled,2 14 0 07 005,Girls  14  - born 2012- 11 aside,,Group 7,KFUM-Kam. Oslo,"Sandviken, IL Sandviken/Varegg Rød",,,,Ekeberg 45EK11,"https://norwaycup.cupmanager.net/2026,nb/result/team/76353119"
76353121,J14 Sandviken/Varegg Blå,80266256,2026-07-28T12:10+02:00,scheduled,2 14 0 04 004,Girls  14  - born 2012- 11 aside,,Group 4,"Sandviken, IL Sandviken/Varegg Blå",Langevåg IL - Fotball Langevåg/Sula,,,,Furuset 05FU11,"https://norwaycup.cupmanager.net/2026,nb/result/team/76353121"
76353123,J14 Sandviken/Varegg Hvit,80266218,2026-07-28T12:10+02:00,scheduled,2 14 0 02 004,Girls  14  - born 2012- 11 aside,,Group 2,"Sandviken, IL Sandviken/Varegg Hvit",Byåsen IL 2,,,,Rustad 05 RU11,"https://norwaycup.cupmanager.net/2026,nb/result/team/76353123"
73060428,G13 Sandviken Gul,80459724,2026-07-28T13:10+02:00,scheduled,1 13 9 30 004,Boys 13 - born 2013 - 9 aside,,Group 30,Varegg Fotball Varegg-Sandviken GUL,Eik If Tønsberg 2,,,,Ekeberg 19EK09,"https://norwaycup.cupmanager.net/2026,nb/result/team/73060428"
73060430,G13 Sandviken Hvit,80459666,2026-07-28T13:10+02:00,scheduled,1 13 9 26 005,Boys 13 - born 2013 - 9 aside,,Group 26,Øvrevoll Hosle IL 1,Varegg Fotball Varegg-Sandviken HVIT,,,,Ekeberg 41 EK9 ,"https://norwaycup.cupmanager.net/2026,nb/result/team/73060430"
76138452,G13 Sandviken Rød,80459536,2026-07-28T13:10+02:00,scheduled,1 13 9 17 004,Boys 13 - born 2013 - 9 aside,,Group 17,"Manglerud Star Fotball,IL Gul",Varegg Fotball Varegg-Sandviken RØD,,,,Bjølsenfeltet 05BJ09,"https://norwaycup.cupmanager.net/2026,nb/result/team/76138452"
75750514,G16 Varegg Fotball/Sandviken Blå,80216216,2026-07-28T14:30+02:00,scheduled,1 16 0 26 004,Boys 16 - born 2010 - 11 aside,,Group 26,"Heming, IL",Varegg Fotball /Sandviken Blå,,,,Abildsø 01 AB11,"https://norwaycup.cupmanager.net/2026,nb/result/team/75750514"
75750516,G16 Varegg Fotball/Sandviken Gul,80215851,2026-07-28T14:30+02:00,scheduled,1 16 0 04 004,Boys 16 - born 2010 - 11 aside,,Group 4,Varegg Fotball /Sandviken Gul,Astor Fotballklubb 1,,,,Valle Hovin 08 VA11,"https://norwaycup.cupmanager.net/2026,nb/result/team/75750516"
73060432,G13 Sandviken Blå,80459387,2026-07-28T14:50+02:00,scheduled,1 13 9 07 004,Boys 13 - born 2013 - 9 aside,,Group 7,Varegg Fotball Varegg-Sandviken BLÅ,Ullern IF 2,,,,Furuset 04 FU9,"https://norwaycup.cupmanager.net/2026,nb/result/team/73060432"
75938121,J16 Sandviken,80273242,2026-07-28T15:30+02:00,scheduled,2 16 0 07 004,Girls 16 - born 2010- 11 aside,,Group 7,Varegg/Sandviken,Bækkelagets SK,,,,Ekeberg 36 EK11,"https://norwaycup.cupmanager.net/2026,nb/result/team/75938121"
75647960,G14 Sandviken 1,80263497,2026-07-28T16:20+02:00,scheduled,1 14 0 12 005,Boys 14 - born 2012 - 11 aside,,Group 12,Varegg Fotball Sandviken / Varegg 1,Monolitten Idrettslag 2,,,,Ekeberg 30 EK11,"https://norwaycup.cupmanager.net/2026,nb/result/team/75647960"
76356822,J17 Sandviken,80273786,2026-07-28T16:30+02:00,scheduled,2 17 0 03 004,Girls 17 - born 2009 - 11aside,,Group 3,Byåsen IL 1,Sandviken/Varegg,,,,Ekeberg 06 EK11,"https://norwaycup.cupmanager.net/2026,nb/result/team/76356822"
76334133,J19 Sandviken,80277004,2026-07-28T17:45+02:00,scheduled,2 19 0 02 005,Girls 18/19- born 2007 - 11aside,,Group 2,"Sandviken, IL /Varegg",Rustad Abildsø Sportsklubb Østensjø,,,,Ekeberg 37 EK11,"https://norwaycup.cupmanager.net/2026,nb/result/team/76334133"
76326716,G15 Sandviken 2,80269810,2026-07-28T19:00+02:00,scheduled,1 15 0 28 005,Boys 15 - born 2011 - 11 aside ,,Group 28,Ørsta IL - Fotball,Varegg/Sandviken 2,,,,Ekeberg 02 EK11,"https://norwaycup.cupmanager.net/2026,nb/result/team/76326716"
75670384,J15 Sandviken,80268683,2026-07-28T20:00+02:00,scheduled,2 15 0 17 004,Girls 15 - born 2011 11 aside,,Group 17,Harøy HaNo/Lepsøy FK,Sandviken/Varegg,,,,Rustad 02 RU11,"https://norwaycup.cupmanager.net/2026,nb/result/team/75670384"
